 ,Single Filer,Unnamed: 2,Unnamed: 3,Married Filing Jointly,Unnamed: 5,Unnamed: 6,Standard Deduction,Unnamed: 8,Personal Exemption,Unnamed: 10,Unnamed: 11, .1, .2
State,Rates,,Brackets,Rates,,Brackets,Single,Couple,Single,Couple,Dependent,,
Ala.,0.02,>,0,0.02,>,0,3000,8500,1500,3000,1000,,
"(a, b, c, uu)",0.04,>,500,0.04,>,1000, , , ,,,,
,0.05,>,3000,0.05,>,6000, ,, ,,,,
, ,,, ,,, ,, ,,,,
Alaska,none,,,none,,,n.a.,n.a.,n.a.,n.a.,n.a.,,
, ,,, ,,, ,, ,,,,
"Ariz. (e, f, u, vv)",0.025,>,0,0.025,>,0,8350,16700,n.a.,n.a.,$100 credit,,
, ,,, ,,, ,,,,,,
Ark.,0.02,>,0,0.02,>,0,2470,4940,$29 credit,$58 credit,$29 credit,,
"(d, g, h, j, kk)",0.039,>,4600,0.039,>,4600, ,, ,,,,
, ,,, ,,, ,, ,,,,
, ,,, ,,, ,, ,,,,
Calif.,0.01,>,0,0.01,>,0,5540,11080,$153 credit,$306 credit,$153 credit,,
"(a, h, j, k, l, m, n, nn)",0.02,>,11079,0.02,>,22158, ,,,,,,
,0.04,>,26264,0.04,>,52528, ,, ,,,,
,0.06,>,41452,0.06,>,82904, ,, ,,,,
,0.08,>,57542,0.08,>,115084, ,, ,,,,
,0.093,>,72724,0.093,>,145448, ,, ,,,,
,0.103,>,371479,0.103,>,742958, ,, ,,,,
,0.113,>,445771,0.113,>,891542, ,, ,,,,
,0.123,>,742953,0.123,>,1000000, ,, ,,,,
,0.133,>,1000000,0.133,>,1485906, ,, ,,,,
, ,,, ,,, ,, ,,,,
"Colo. (a, o)",0.044,>,0,0.044,>,0,16100,32200,n.a.,n.a.,n.a.,,
, ,,, ,,, ,, ,,,,
Conn.,0.02,>,0,0.02,>,0,n.a.,n.a.,15000,24000,0,,
"(i, p, q, r)",0.045,>,10000,0.045,>,20000, ,, ,,,,
,0.055,>,50000,0.055,>,100000, ,, ,,,,
,0.06,>,100000,0.06,>,200000, ,, ,,,,
,0.065,>,200000,0.065,>,400000, ,, ,,,,
,0.069,>,250000,0.069,>,500000, ,, ,,,,
,0.0699,>,500000,0.0699,>,1000000, ,, ,,,,
, ,,, ,,, ,, ,,,,
Del.,0.022,>,2000,0.022,>,2000,3250,6500,$110 credit,$220 credit,$110 credit,,
"(a, h, m, s)",0.039,>,5000,0.039,>,5000, ,,,,,,
,0.048,>,10000,0.048,>,10000, ,, ,,,,
,0.052,>,20000,0.052,>,20000, ,, ,,,,
,0.0555,>,25000,0.0555,>,25000, ,, ,,,,
,0.066,>,60000,0.066,>,60000, ,, ,,,,
, ,,, ,,, ,, ,,,,
Fla.,none,,,none,,,n.a.,n.a.,n.a.,n.a.,n.a.,,
, ,,, ,,, ,, ,,,,
Ga.,0.0519,>,0,0.0519,>,0,12000,24000,n.a.,n.a.,4000,,
, ,,, ,,, ,,,,,,
Hawaii,0.014,>,0,0.014,>,0,4400,8800,1144,2288,1144,,
"(m, t)",0.032,>,9600,0.032,>,19200, ,,,,,,
,0.055,>,14400,0.055,>,28800, ,, ,,,,
,0.064,>,19200,0.064,>,38400, ,, ,,,,
,0.068,>,24000,0.068,>,48000, ,, ,,,,
,0.072,>,36000,0.072,>,72000, ,, ,,,,
,0.076,>,48000,0.076,>,96000, ,, ,,,,
,0.079,>,125000,0.079,>,250000, ,, ,,,,
,0.0825,>,175000,0.0825,>,350000, ,, ,,,,
,0.09,>,225000,0.09,>,450000, ,, ,,,,
,0.1,>,275000,0.1,>,550000, ,, ,,,,
,0.11,>,325000,0.11,>,650000, ,, ,,,,
, ,,, ,,, ,, ,,,,
"Idaho (j, m, o, u)",0.053,>,4811,0.053,>,9622,16100,32200,n.a.,n.a.,n.a.,,
, ,,, ,,, ,,,,,,
"Ill. (d, m, v)",0.0495,>,0,0.0495,>,0,n.a.,n.a.,2925,5850,2925,,
, ,,, ,,, ,,,,,,
"Ind. (a, m, w)",0.0295,>,0,0.0295,>,0,n.a.,n.a.,1000,2000,1000,,
,,,,,,,,,,,,,
Iowa,0.038,>,0,0.038,>,0,16100,32200,$40 credit,$80 credit,$40 credit,,
"(a, h, o)", ,,, ,,, ,, ,,,,
, ,,, ,,, ,, ,,,,
Kans. ,0.052,>,0,0.052,>,0,3605,8240,9160,18320,2320,,
"(a, m)",0.0558,>,23000,0.0558,>,46000, ,,,,,,
, ,,, ,,, ,, ,,,,
Ky.,0.035,>,0,0.035,>,0,3360,3360,n.a.,n.a.,n.a.,,
"(a, d, z)", ,,, ,,, ,,,,,,
, ,,, ,,, ,, ,,,,
La.,0.03,>,0,0.03,>,0,12875,25750,n.a.,n.a.,n.a.,,
(d), ,,, ,,, ,,,,,,
,,,,,,,,,,,,,
Maine,0.058,>,0,0.058,>,0,8350,16700,5300,10600,$305 credit,,
"(u, y, bb, ll, vv, ww)",0.0675,>,27399,0.0675,>,54849, ,, ,,,,
,0.0715,>,64849,0.0715,>,129749, ,, ,,,,
, ,,, ,,, ,, ,,,,
Md.,0.02,>,0,0.02,>,0,3350,6700,3200,6400,3200,,
"(a, m, x, vv, aa)",0.03,>,1000,0.03,>,1000, ,,,,,,
,0.04,>,2000,0.04,>,2000, ,, ,,,,
,0.0475,>,3000,0.0475,>,3000, ,, ,,,,
,0.05,>,100000,0.05,>,150000, ,, ,,,,
,0.0525,>,125000,0.0525,>,175000, ,, ,,,,
,0.055,>,150000,0.055,>,225000, ,, ,,,,
,0.0575,>,250000,0.0575,>,300000, ,, ,,,,
,0.0625,>,500000,0.0625,>,600000, ,, ,,,,
,0.065,>,1000000,0.065,>,1200000, ,, ,,,,
, ,,, ,,, ,, ,,,,
"Mass. (j, rr)",0.05,>,0,0.05,>,0,n.a.,n.a.,4400,8800,1000,,
,0.09,>,1083150,0.09,>,1083150, ,, ,,,,
,,,,,,,,,,,,,
"Mich. (a, d)",0.0425,>,0,0.0425,>,0,n.a.,n.a.,5900,11800,5900,,
, ,,, ,,, ,, ,,,,
Minn. ,0.0535,>,0,0.0535,>,0,15300,30600,n.a.,n.a.,5300,,
"(d, bb, cc, oo, vv)",0.068,>,33310,0.068,>,48700, ,, ,,,,
,0.0785,>,109430,0.0785,>,193480, ,, ,,,,
,0.0985,>,203150,0.0985,>,337930, ,, ,,,,
, ,,, ,,, ,, ,,,,
Miss.,0.04,>,10000,0.04,>,10000,2300,4600,6000,12000,1500,,
,,,,,,, ,, ,,,,
Mo.,0.02,>,1348,0.02,>,1348,16100,32200,n.a,n.a,n.a,,
"(a, b, m, u, bb)",0.025,>,2696,0.025,>,2696, ,,,,,,
,0.03,>,4044,0.03,>,4044, ,, ,, ,,
,0.035,>,5392,0.035,>,5392, ,, ,, ,,
,0.04,>,6740,0.04,>,6740, ,, ,, ,,
,0.045,>,8088,0.045,>,8088, ,, ,, ,,
,0.047,>,9436,0.047,>,9436, ,, ,, ,,
,,,,,,,,,,,,,
Mont.,0.047,>,0,0.047,>,0,16100,32200,n.a,n.a,n.a,,
"(o, u, bb)",0.0565,>,47500,0.0565,>,95000, ,,,,,,
, ,,, ,,, ,, ,,,,
Nebr.,0.0246,>,0,0.0246,>,0,8850,17700,$176 credit,$352 credit,$176 credit,,
"(d, h, m, bb)",0.0351,>,4130,0.0351,>,8250, ,,,,,,
,0.0455,>,24760,0.0455,>,49530, ,, ,,,,
, ,,, ,,, ,, ,,,,
Nev.,none,,,none,,,n.a.,n.a.,n.a.,n.a.,n.a.,,
, ,,, ,,, ,, ,,,,
N.H.,none,,,none,,,n.a,n.a,n.a.,n.a.,n.a.,,
, ,,, ,,, ,, ,,,,
N.J. ,0.014,>,0,0.014,>,0,n.a.,n.a.,1000,2000,1500,,
(a),0.0175,>,20000,0.0175,>,20000, ,, ,,,,
,0.035,>,35000,0.0245,>,50000, ,, ,,,,
,0.05525,>,40000,0.035,>,70000, ,, ,,,,
,0.0637,>,75000,0.05525,>,80000, ,, ,,,,
,0.0897,>,500000,0.0637,>,150000, ,, ,,,,
,0.1075,>,1000000,0.0897,>,500000, ,, ,,,,
, ,,,0.1075,>,1000000,,, ,,,,
, ,,, ,,, ,, ,,,,
N.M.,0.015,>,0,0.015,>,0,16100,32200,n.a.,n.a.,4000,,
"(m, o, u, jj)",0.032,>,5500,0.032,>,8000, ,,,,,,
,0.043,>,16500,0.043,>,25000, ,, ,,,,
,0.047,>,33500,0.047,>,50000, ,, ,,,,
,0.049,>,66500,0.049,>,100000, ,, ,,,,
,0.059,>,210000,0.059,>,315000, ,, ,,,,
, ,,, ,,, ,, ,,,,
N.Y.,0.039,>,0,0.039,>,0,8000,16050,n.a.,n.a.,1000,,
"(a, i)",0.044,>,8500,0.044,>,17150, ,, ,,,,
,0.0515,>,11700,0.0515,>,23600, ,, ,,,,
,0.054,>,13900,0.054,>,27900, ,, ,,,,
,0.059,>,80650,0.059,>,161550, ,, ,,,,
,0.0685,>,215400,0.0685,>,323200, ,, ,,,,
,0.0965,>,1077550,0.0965,>,2155350, ,, ,,,,
,0.103,>,5000000,0.103,>,5000000, ,, ,,,,
,0.109,>,25000000,0.109,>,25000000, ,, ,,,,
, ,,, ,,, ,, ,,,,
N.C.,0.0399,>,0,0.0399,>,0,12750,25500,n.a.,n.a.,n.a.,,
, ,,, ,,, ,, ,,,,
N.D.,0.0195,>,48475,0.0195,>,80975,16100,32200,n.a.,n.a.,n.a.,,
"(j, o, u)",0.025,>,244825,0.025,>,298075, ,,,,,,
, ,,, ,,, ,, ,,,,
Ohio,0.0275,>,26050,0.0275,>,26050,n.a.,n.a.,2400,4800,2400,,
"(a, bb, dd, pp)", ,,, ,,, ,, ,,,,
, ,,, ,,, ,, ,,,,
Okla. ,0.025,>,3750,0.025,>,7500,6350,12700,1000,2000,1000,,
(m),0.035,>,4900,0.035,>,9800, ,,,,,,
,0.045,>,7200,0.045,>,14400, ,, ,,,,
, ,,, ,,, ,, ,,,,
Ore.,0.0475,>,0,0.0475,>,0,2910,5820,$256 credit,$512 credit,$256 credit,,
"(a, b, d, h, m, bb, ee, nn)",0.0675,>,4550,0.0675,>,9100, ,,,,,,
,0.0875,>,11400,0.0875,>,22800, ,, ,,,,
,0.099,>,125000,0.099,>,250000, ,, ,,,,
, ,,, ,,, ,, ,,,,
Pa. (a),0.0307,>,0,0.0307,>,0,n.a.,n.a.,n.a.,n.a.,n.a.,,
, ,,, ,,, ,,,,,,
R.I.,0.0375,>,0,0.0375,>,0,11200,22400,5250,10500,5250,,
"(d, bb, ff)",0.0475,>,82050,0.0475,>,82050, ,, ,,,,
,0.0599,>,186450,0.0599,>,186450, ,, ,,,,
,,,,,,,,,,,,,
S.C.,0,>,0,0,>,0,8350,16700,n.a.,n.a.,4930,,
"(d, o, u, bb, qq, vv, ww)",0.03,>,3640,0.03,>,3640, ,,,,,,
,0.06,>,18230,0.06,>,18230, ,, ,,,,
, ,,, ,,, ,, ,,,,
S.D.,none,,,none,,,n.a.,n.a.,n.a.,n.a.,n.a.,,
, ,,, ,,, ,, ,,,,
Tenn.,none,,,none,,,n.a.,n.a.,n.a.,n.a.,n.a.,,
, ,,, ,,, ,, ,,,,
Tex.,none,,,none,,,n.a.,n.a.,n.a.,n.a.,n.a.,,
, ,,, ,,, ,, ,,,,
"Utah (d, h, gg, ll)",0.045,>,0,0.045,>,0,$966 credit,"$1,932 credit",n.a.,n.a.,2111,,
, ,,, ,,, ,,,,,,
Vt.,0.0335,>,0,0.0335,>,0,7650,15300,5300,10600,5300,,
"(j, n, hh, mm)",0.066,>,49400,0.066,>,82500, ,, ,,,,
 ,0.076,>,119700,0.076,>,199450, ,, ,,,,
,0.0875,>,249700,0.0875,>,304000, ,, ,,,,
,,,,,,,,,,,,,
Va.,0.02,>,0,0.02,>,0,8750,17500,930,1860,930,,
(m)  ,0.03,>,3000,0.03,>,3000, ,,,,,,
,0.05,>,5000,0.05,>,5000, ,, ,,,,
,0.0575,>,17000,0.0575,>,17000, ,, ,,,,
, ,,, ,,, ,, ,,,,
"Wash. (n, ss, tt)",Capital gains income only,,,,,,,,,,,,
,0.07,>,0,0.07,>,0,278000,278000,n.a.,n.a.,n.a.,,
,0.09,>,1000000,0.09,>,1000000, , , ,,,,
, ,,, ,,, ,, ,,,,
W.Va. ,0.0222,>,0,0.0222,>,0,n.a.,n.a.,2000,4000,2000,,
"(a, m)",0.0296,>,10000,0.0296,>,10000, ,,,,,,
,0.0333,>,25000,0.0333,>,25000, ,, ,,,,
,0.0444,>,40000,0.0444,>,40000, ,, ,,,,
,0.0482,>,60000,0.0482,>,60000, ,, ,,,,
, ,,, ,,, ,, ,,,,
Wis.,0.035,>,0,0.035,>,0,13960,25840,700,1400,700,,
"(d, m, bb, ii)",0.044,>,15110,0.044,>,20150, ,, ,,,,
,0.053,>,51950,0.053,>,69260, ,, ,,,,
,0.0765,>,332720,0.0765,>,443630, ,, ,,,,
, ,,, ,,, ,, ,,,,
Wyo.,none,,,none,,,n.a.,n.a.,n.a.,n.a.,n.a.,,
, ,,, ,,, ,, ,,,,
D.C.,0.04,>,0,0.04,>,0,16100,32200,n.a.,n.a.,n.a.,,
(u),0.06,>,10000,0.06,>,10000, ,, ,,,,
,0.065,>,40000,0.065,>,40000, ,, ,,,,
,0.085,>,60000,0.085,>,60000, ,, ,,,,
,0.0925,>,250000,0.0925,>,250000, ,, ,,,,
,0.0975,>,500000,0.0975,>,500000, ,, ,,,,
,0.1075,>,1000000,0.1075,>,1000000, ,, ,,,,
,,,,,,,,,,,,,
"(a) Local income taxes are excluded. Ten states have county- or city-level income taxes; the average effective rates expressed as a percentage of AGI within each jurisdiction (data for 2023, the latest year available, come from the IRS, the U.S. Census Bureau, and grossed up using data from the Bureau of Economic Analysis) are: AL--0.07%; IN--0.35%; IA--0.08%; KY--0.93%; MD--2.4%; MI--0.16%; MO--0.18%; NY--1.60%; OH--1.2%; OR--0.18%; PA--0.99%. In CA, CO, DE, KS, NJ, OR, and WV some jurisdictions have payroll taxes, flat-rate wage taxes, or interest and dividend income taxes. See Jared Walczak, Janelle Fritts, and Maxwell James, “Local Income Taxes: A Primer,” Tax Foundation, February 23, 2023, https://taxfoundation.org/local-income-taxes-2023/.",,,,,,,,,,,,,
(b) These states allow some or all of federal income tax paid to be deducted from state taxable income.,,,,,,,,,,,,,
"(c) For single taxpayers with AGI not exceeding $25,499, the standard deduction is $3,000. This standard deduction amount is reduced by $25 for every additional $500 of AGI, not to fall below $2,500. For Married Filing Joint (MFJ) taxpayers with AGI not exceeding $25,999, the standard deduction is $8,500. This standard deduction amount is reduced by $175 for every additional $500 of AGI, not to fall below $5,000. For all taxpayers with AGI of $50,000 or less and claiming a dependent, the dependent exemption is $1,000. This amount is reduced to $500 per dependent for taxpayers with AGI above $50,000 and equal to or less than $100,000. For taxpayers with more than $100,000 in AGI, the dependent exemption is $300 per dependent.",,,,,,,,,,,,,
(d) Standard deduction and/or personal exemption is adjusted annually for inflation. Inflation-adjusted amounts for tax year 2026 are shown.,,,,,,,,,,,,,
(e) Arizona's standard deduction can be adjusted upward by an amount equal to 34 percent (as of TY 2025) of the amount the taxpayer would have claimed in charitable deductions if the taxpayer had claimed itemized deductions.,,,,,,,,,,,,,
"(f) In lieu of a dependent exemption, Arizona offers a dependent tax credit of $100 per dependent under the age of 17 and $25 per dependent age 17 and older. The credit begins to phase out for taxpayers with federal adjusted gross income (FAGI) above $200,000 (single filers) or $400,000 (MFJ).",,,,,,,,,,,,,
"(g) Rates apply to individuals earning more than $92,300 (tax year 2025). A separate tax tables exist for individuals earning $92,300 or less, with rates of 2 percent on income greater than or equal to $5,500; 3 percent on income greater than or equal to $10,900; 3.4 percent on income greater than or equal to $15,600; and 3.9 percent on income greater than $25,700 but less than or equal to $92,300 (tax year 2025). ",,,,,,,,,,,,,
(h) Standard deduction or personal exemption is structured as a tax credit.,,,,,,,,,,,,,
"(i) Connecticut and New York have ""tax benefit recapture,"" by which many high-income taxpayers pay their top tax rate on all income, not just on amounts above the benefit threshold.",,,,,,,,,,,,,
"(j) Bracket levels adjusted for inflation each year. Inflation-adjusted bracket widths for 2026 were not available as of publication, so table reflects 2025 inflation-adjusted bracket widths.",,,,,,,,,,,,,
"(k) Exemption credits phase out for single taxpayers by $6 for each $2,500 of federal AGI above $252,203 and for MFJ filers by $12 for each $2,500 of federal AGI above $504,411 (tax year 2025). The credit cannot be reduced to below zero.",,,,,,,,,,,,,
"(l) Rates include the additional mental health services tax at the rate of 1 percent on taxable income in excess of $1 million. Rates exclude a payroll tax of 1.3 percent to fund the state’s disability insurance program. Effective as of TY 2024, there is no wage ceiling for this payroll tax, which means that the state’s top individual income tax rate on wage income becomes 14.6 percent.",,,,,,,,,,,,,
"(m) State provides a state-defined personal exemption amount for each exemption available and/or deductible under the Internal Revenue Code. The Tax Cuts and Jobs Act set the personal exemption to $0 until 2026 but did not eliminate it, and the One Big Beautiful Bill Act permanently set the personal exemption to $0 but did not eliminate it. Because it is still available, these state-defined personal exemptions remain available in some states but are set to $0 in other states.",,,,,,,,,,,,,
"(n) Standard deduction and/or personal exemption adjusted annually for inflation, but the 2026 inflation adjustment was not available at time of publication, so table reflects actual 2025 amount(s).",,,,,,,,,,,,,
"(o) Colorado, Idaho, Iowa, Montana, New Mexico, North Dakota, and South Carolina include the federal standard deduction in their income starting point.",,,,,,,,,,,,,
"(p) Connecticut has a complex set of phaseout provisions. For each single taxpayer whose Connecticut AGI exceeds $56,500, the amount of the taxpayer's Connecticut taxable income to which the 2 percent tax rate applies shall be reduced by $1,000 for each $5,000, or fraction thereof, by which the taxpayer's Connecticut AGI exceeds said amount. Any such amount will have a tax rate of 4.5 percent instead of 2 percent. Each single taxpayer whose Connecticut AGI exceeds $105,000 shall pay an amount equal to $25 for each $5,000, or fraction thereof, by which the taxpayer's Connecticut AGI exceeds $105,000, up to a maximum payment of $250. Additionally, each single taxpayer whose Connecticut AGI exceeds $200,000 shall pay an amount equal to $90 for each $5,000, or fraction thereof, by which the taxpayer's Connecticut AGI exceeds $200,000 but is less than $500,000, and by an additional $50 for each $5,000, or fraction thereof, by which the taxpayer’s AGI exceeds $500,000, up to a maximum payment of $3,150. For each MFJ taxpayer whose Connecticut AGI exceeds $100,500, the amount of the taxpayer's Connecticut taxable income to which the 2 percent tax rate applies shall be reduced by $2,000 for each $5,000, or fraction thereof, by which the taxpayer's Connecticut AGI exceeds said amount. Any such amount of Connecticut taxable income to which, as provided in the preceding sentence, the 2 percent tax rate does not apply shall be an amount to which the 4.5 percent tax rate shall apply. Each MFJ filer whose Connecticut AGI exceeds $210,000 shall pay an amount equal to $50 for each $10,000, or fraction thereof, by which the taxpayer's Connecticut AGI exceeds $210,000, up to a maximum payment of $500. Additionally, each MFJ taxpayer whose Connecticut AGI exceeds $400,000 shall pay, in addition to the amount above, an amount equal to $180 for each $10,000, or fraction thereof, by which the taxpayer's Connecticut AGI exceeds $400,000, up to a maximum of $5,400, and a further $100 for each $10,000, or fraction thereof, by which Connecticut AGI exceeds $1 million, up to a combined maximum payment of $6,300.",,,,,,,,,,,,,
(q) Connecticut taxpayers are also given personal tax credits (1-75%) based upon adjusted gross income.,,,,,,,,,,,,,
"(r) Connecticut's personal exemption phases out by $1,000 for each $1,000, or fraction thereof, by which a single filer's Connecticut AGI exceeds $30,000 and a MFJ filer's Connecticut AGI exceeds $48,000.",,,,,,,,,,,,,
"(s) In addition to the individual income tax rates, Delaware imposes a tax on lump-sum distributions.",,,,,,,,,,,,,
"(t) Additionally, Hawaii allows any taxpayer, other than a corporation, acting as a business entity in more than one state and required by law to file a return, to report and pay a tax of 0.5 percent of its annual gross sales (1) where the taxpayer's only activities in Hawaii consist of sales, (2) when the taxpayer does not own or rent real estate or tangible personal property, and (3) when the taxpayer’s annual gross sales in or into Hawaii do not exceed $100,000. Haw. Rev. Stat. § 235-51 (2024).",,,,,,,,,,,,,
"(u) Deduction and/or exemption tied to federal tax system. Federal deductions are indexed for inflation. Where applicable, the tax year 2026 inflation-adjusted amounts are shown. ",,,,,,,,,,,,,
"(v) As of June 1, 2017, taxpayers cannot claim the personal exemption if their adjusted gross income exceeds $250,000 (single filers) or $500,000 (MFJ).",,,,,,,,,,,,,
"(w) $1,000 is a base exemption. If dependents meet certain conditions, filers can take an additional $1,500 exemption for each. If a taxpayer is claiming a child as a dependent for the first taxable year in which the exemption is allowed, the taxpayer is now permitted to claim an amount of $3,000, instead of $1,500.",,,,,,,,,,,,,
"(x) Beginning in tax year 2025, Maryland levies an additional 2% surtax on capital gains income for filers with AGI exceeding $350,000, regardless of filing status.",,,,,,,,,,,,,
"(y) Maine's personal exemption begins to phase out for taxpayers with income exceeding $333,450 (single filers) or $400,100 (MFJ) in tax year 2025. These phaseout thresholds are adjusted annually for inflation. The standard deduction amounts for 2025 are phased out for taxpayers with Maine income over $100,000 (single filers) or $200,050 (MFJ). The dependent personal exemption is structured as a tax credit and begins to phase out for taxpayers with income exceeding $125,000 (head of household) or $150,000 (married filing jointly).",,,,,,,,,,,,,
"(z) Kentucky's standard deduction is not doubled for MFJ filers, but only for married filing separately (MFS). Many married taxpayers file separately to claim this doubled deduction.",,,,,,,,,,,,,
"(aa) The exemption amount has the following phaseout schedule: If AGI is above $100,000 for single filers and above $150,000 for married filers, the $3,200 exemption begins to be phased out. If AGI is above $150,000 for single filers and above $200,000 for married filers, the exemption is phased out entirely.",,,,,,,,,,,,,
(bb) Bracket levels adjusted for inflation each year. Inflation-adjusted bracket levels for 2026 are shown. ,,,,,,, ,,,,,,
"(cc) For taxpayers whose AGI exceeds $122,200 (married filing separately) or $244,400 (all other filers), Minnesota’s standard deduction is reduced by 3 percent of the excess of the taxpayer’s federal AGI over the applicable amount but not over $168,900 (married filing separately) or $337,800 (all other filers), plus 10 percent of the taxpayer's federal adjusted gross income over the second threshold, or 80 percent of the standard deduction otherwise allowable, whichever is less.",,,,,,,,,,,,,
"(dd) Ohio's personal exemption is $2,400 for an AGI of $40,000 or less, $2,150 if AGI is more than $40,000 but less than or equal to $80,000, and $1,900 if AGI is greater than $80,000 but less than $500,000. For AGI above $500,000, there is no exemption.",,,,,,,,,,,,,
"(ee) The personal exemption credit is not allowed if federal AGI exceeds $100,000 for single filers or $200,000 for MFJ.",,,,,,,,,,,,,
"(ff) The phaseout range for the standard deduction, personal exemption, and dependency exemption is $261,000 to $290,800. For taxpayers with modified Federal AGI exceeding $290,800, no standard deduction, personal exemption, or dependency exemption is available.",,,,,,,,,,,,,
"(gg) The standard deduction is taken in the form of a nonrefundable credit of 6 percent of the federal standard or itemized deduction amount, excluding the deduction for state or local income tax. This credit phases out at 1.3 cents per dollar of AGI above $18,213 ($36,426 for MFJ) as of 2025.",,,,,,,,,,,,,
"(hh) For taxpayers with federal AGI that exceeds $150,000, the taxpayer will pay the greater of state income tax or 3 percent of federal AGI.",,,,,,,,,,,,,
"(ii) The standard deduction begins to phase out at $20,119 in income for single filers and $29,039 in income for joint filers. The standard deduction phases out to zero at $136,453 for single filers and $159,690 for joint filers.",,,,,,,,,,,,,
"(jj) In lieu of the suspended personal exemption, New Mexico offers a deduction of $4,000 for all but one of a taxpayer’s dependents.",,,,,,,,,,,,,
"(kk) Taxpayers with net income greater than or equal to $89,601 but not greater than $92,700 shall reduce the amount of tax due by deducting a bracket adjustment amount. ",,,,,,,,,,,,,
"(ll) The dependent deduction/exemption is adjusted annually for inflation, but the 2026 amount was not available at the time of publication, so the 2025 amount is shown.",,,,,,,,,,,,,
"(mm) Taxpayers also receive an additional deduction of $1,250 (tax year 2025) for each standard deduction box checked on federal Form 1040.",,,,,,,,,,,,,
(nn) California and Oregon do not fully index their top brackets.,,,,,,,,,,,,,
"(oo) Minnesota has a surtax on individuals, estates, and trusts equal to 1% of net investment income over $1 million.",,,,,,,,,,,,,
(pp) Ohio's personal exemption is adjusted periodically based on changes in the GDP deflator. ,,,,,,,,,,,,,
"(qq) South Carolina's top marginal rate is scheduled to revert to 6.2% on July 1, 2026.",,,,,,,,,,,,,
"(rr) In Massachusetts, rates exclude the paid family and medical leave payroll tax. Employers must withhold 0.46 percent of employees' eligible wages. Additionally, employers with 25 or more employees contribute an extra 0.42 percent of eligible wages.",,,,,,,,,,,,,
"(ss) In Washington, the rate excludes the 0.58 percent payroll tax that funds the long-term care insurance program (WA Cares). Employers withhold this tax from employees' gross wages.  ",,,,,,,,,,,,,
(tt) Tax applies to capital gains income only.,,,,,,,,,,,,,
"(uu) Dependent exemption is reduced to $500 for taxpayers with AGI greater than $50,000, and is phased out completely for taxpayers with AGI greater than $100,000.",,,,,,,,,,,,,
"(vv) State conforms to a pre-OBBBA version of the federal standard deduction, which in inflation-adjusted terms is $8,350 (single filers) and $16,700 (MFJ) for 2026.",,,,,,,,,,,,,
(ww) Maine offers a refundable dependent credit of $305 for dependents ages six and older and $610 for dependents ages five and under (2025 amounts).,,,,,,,,,,,,,
